{
  "_format": "hh-sol-cache-2",
  "files": {
    "D:\\block chain\\contracts\\Upload.sol": {
      "lastModificationDate": 1734844562741,
      "contentHash": "bc3b85ce0de2c9b4976a5ba133eb43d8",
      "sourceName": "contracts/Upload.sol",
      "solcConfig": {
        "version": "0.8.9",
        "settings": {
          "optimizer": {
            "enabled": false,
            "runs": 200
          },
          "outputSelection": {
            "*": {
              "*": [
                "abi",
                "evm.bytecode",
                "evm.deployedBytecode",
                "evm.methodIdentifiers",
                "metadata"
              ],
              "": [
                "ast"
              ]
            }
          }
        }
      },
      "imports": [],
      "versionPragmas": [
        ">=0.7.0 <0.9.0"
      ],
      "artifacts": [
        "Upload"
      ]
    }
  }
}
